departure_odate,return_odate,total_usd
2016-10-09,2016-10-09,486.24
2016-10-09,2016-10-10,350.57
2016-10-09,2016-10-11,402.47
2016-10-09,2016-10-12,319.69
2016-10-09,2016-10-13,281.24
2016-10-09,2016-10-14,306.69
2016-10-09,2016-10-15,304.0
2016-10-09,2016-10-16,310.0
2016-10-09,2016-10-18,417.69
2016-10-09,2016-10-19,393.69
2016-10-09,2016-10-22,323.9
2016-10-10,2016-10-11,397.8
2016-10-10,2016-10-12,402.47
2016-10-10,2016-10-13,306.69
2016-10-10,2016-10-14,306.69
2016-10-10,2016-10-15,282.34
2016-10-10,2016-10-16,349.24
2016-10-10,2016-10-17,290.0
2016-10-10,2016-10-18,321.08
2016-10-10,2016-10-19,300.18
2016-10-10,2016-10-24,306.79
2016-10-10,2016-10-28,313.9
2016-10-11,2016-10-13,290.0
2016-10-11,2016-10-14,402.39
2016-10-11,2016-10-15,343.69
2016-10-11,2016-10-16,341.47
2016-10-11,2016-10-17,319.69
2016-10-11,2016-10-18,284.74
2016-10-11,2016-10-19,317.47
2016-10-11,2016-10-21,265.34
2016-10-11,2016-10-28,730.0
2016-10-12,2016-10-14,404.69
2016-10-12,2016-10-15,319.69
2016-10-12,2016-10-16,463.29
2016-10-12,2016-10-17,319.69
2016-10-12,2016-10-18,393.24
2016-10-12,2016-10-19,313.08
2016-10-12,2016-10-20,337.52
2016-10-12,2016-10-21,313.08
2016-10-12,2016-10-22,371.08
2016-10-12,2016-10-23,426.69
2016-10-12,2016-10-24,331.08
2016-10-12,2016-10-25,337.52
2016-10-13,2016-10-13,455.47
2016-10-13,2016-10-15,415.62
2016-10-13,2016-10-16,282.34
2016-10-13,2016-10-17,299.34
2016-10-13,2016-10-18,375.08
2016-10-13,2016-10-19,313.08
2016-10-13,2016-10-20,290.28
2016-10-13,2016-10-21,300.18
2016-10-13,2016-10-22,282.34
2016-10-13,2016-10-23,347.62
2016-10-13,2016-10-24,290.0
2016-10-13,2016-10-25,313.08
2016-10-13,2016-10-27,304.57
2016-10-14,2016-10-14,455.69
2016-10-14,2016-10-15,367.52
2016-10-14,2016-10-16,282.34
2016-10-14,2016-10-17,282.34
2016-10-14,2016-10-18,323.69
2016-10-14,2016-10-19,343.69
2016-10-14,2016-10-20,306.79
2016-10-14,2016-10-21,281.24
2016-10-14,2016-10-22,281.24
2016-10-14,2016-10-23,306.69
2016-10-14,2016-10-24,367.52
2016-10-14,2016-10-25,343.69
2016-10-14,2016-11-02,337.52
2016-10-14,2016-11-12,324.62
2016-10-15,2016-10-15,505.69
2016-10-15,2016-10-16,401.19
2016-10-15,2016-10-18,367.52
2016-10-15,2016-10-19,311.58
2016-10-15,2016-10-20,310.08
2016-10-15,2016-10-21,296.8
2016-10-15,2016-10-22,281.24
2016-10-15,2016-10-23,281.24
2016-10-15,2016-10-24,360.19
2016-10-15,2016-10-25,333.58
2016-10-15,2016-10-30,337.52
2016-10-16,2016-10-16,475.69
2016-10-16,2016-10-17,284.29
2016-10-16,2016-10-18,367.52
2016-10-16,2016-10-19,367.08
2016-10-16,2016-10-20,351.19
2016-10-16,2016-10-21,306.69
2016-10-16,2016-10-22,281.24
2016-10-16,2016-10-23,306.79
2016-10-16,2016-10-24,397.08
2016-10-16,2016-10-25,371.08
2016-10-17,2016-10-19,351.02
2016-10-17,2016-10-20,417.0
2016-10-17,2016-10-21,361.8
2016-10-17,2016-10-22,383.28
2016-10-17,2016-10-23,324.62
2016-10-17,2016-10-24,282.34
2016-10-17,2016-10-25,381.19
2016-10-17,2016-10-26,427.3
2016-10-17,2016-10-28,306.79
2016-10-17,2016-11-19,390.34
2016-10-18,2016-10-19,313.08
2016-10-18,2016-10-20,413.09
2016-10-18,2016-10-21,324.19
2016-10-18,2016-10-22,328.74
2016-10-18,2016-10-23,343.52
2016-10-18,2016-10-24,337.52
2016-10-18,2016-10-25,313.08
2016-10-18,2016-10-27,319.69
2016-10-18,2016-10-28,319.69
2016-10-18,2016-10-29,361.69
2016-10-19,2016-10-19,425.69
2016-10-19,2016-10-20,313.08
2016-10-19,2016-10-21,358.69
2016-10-19,2016-10-22,371.08
2016-10-19,2016-10-23,417.08
2016-10-19,2016-10-24,319.69
2016-10-19,2016-10-25,313.08
2016-10-19,2016-10-26,313.08
2016-10-19,2016-10-27,393.69
2016-10-19,2016-10-30,426.69
2016-10-20,2016-10-23,294.39
2016-10-20,2016-10-24,304.57
2016-10-20,2016-10-25,328.24
2016-10-20,2016-10-26,319.52
2016-10-20,2016-10-27,350.57
2016-10-20,2016-10-29,306.79
2016-10-20,2016-10-30,306.79
2016-10-20,2016-11-05,324.62
2016-10-21,2016-10-23,350.52
2016-10-21,2016-10-24,341.47
2016-10-21,2016-10-25,315.93
2016-10-21,2016-10-26,337.52
2016-10-21,2016-10-28,306.79
2016-10-21,2016-10-29,284.39
2016-10-21,2016-11-01,427.69
2016-10-21,2016-11-03,324.62
2016-10-22,2016-10-22,527.08
2016-10-22,2016-10-23,343.69
2016-10-22,2016-10-25,361.69
2016-10-22,2016-10-26,311.58
2016-10-22,2016-10-27,306.69
2016-10-22,2016-10-28,306.79
2016-10-22,2016-10-29,294.39
2016-10-22,2016-10-30,282.34
2016-10-22,2017-03-15,442.24
2016-10-23,2016-10-23,475.69
2016-10-23,2016-10-25,371.08
2016-10-23,2016-10-26,318.24
2016-10-23,2016-10-27,306.69
2016-10-23,2016-10-28,280.74
2016-10-23,2016-10-29,306.79
2016-10-23,2016-10-30,330.57
2016-10-23,2016-10-31,350.57
2016-10-23,2016-11-01,474.8
2016-10-23,2016-11-03,324.62
2016-10-24,2016-10-28,282.24
2016-10-24,2016-10-29,306.69
2016-10-24,2016-10-30,337.69
2016-10-24,2016-10-31,306.79
2016-10-24,2016-11-01,468.39
2016-10-24,2016-11-03,426.8
2016-10-24,2016-11-04,324.62
2016-10-25,2016-10-27,413.09
2016-10-25,2016-10-29,319.93
2016-10-25,2016-10-30,295.24
2016-10-25,2016-10-31,313.08
2016-10-25,2016-11-01,423.19
2016-10-25,2016-11-03,337.52
2016-10-25,2016-11-04,337.52
2016-10-26,2016-10-29,363.52
2016-10-26,2016-10-30,318.24
2016-10-26,2016-10-31,292.69
2016-10-26,2016-11-02,337.47
2016-10-26,2016-11-03,324.24
2016-10-26,2016-11-04,318.24
2016-10-27,2016-10-28,379.39
2016-10-27,2016-10-29,337.69
2016-10-27,2016-10-30,294.24
2016-10-27,2016-10-31,306.79
2016-10-27,2016-11-01,319.69
2016-10-27,2016-11-03,324.62
2016-10-27,2016-11-06,350.52
2016-10-28,2016-10-30,295.69
2016-10-28,2016-11-01,292.69
2016-10-28,2016-11-02,379.39
2016-10-28,2016-11-03,324.62
2016-10-28,2016-11-04,336.24
2016-10-28,2016-11-06,324.62
2016-10-28,2016-11-07,324.62
2016-10-29,2016-11-01,358.69
2016-10-29,2016-11-02,363.52
2016-10-29,2016-11-03,456.39
2016-10-29,2016-11-04,279.64
2016-10-29,2016-11-05,281.24
2016-10-29,2016-11-06,306.79
2016-10-29,2016-12-17,324.24
2016-10-30,2016-11-02,363.39
2016-10-30,2016-11-03,324.62
2016-10-30,2016-11-04,296.8
2016-10-30,2016-11-05,324.62
2016-10-30,2016-11-06,337.47
2016-10-30,2016-11-07,350.52
2016-10-30,2016-11-10,324.62
2016-10-30,2016-12-16,316.74
2016-10-31,2016-11-03,322.74
2016-10-31,2016-11-05,319.52
2016-10-31,2016-11-06,416.24
2016-10-31,2016-11-07,324.62
2016-11-01,2016-11-04,375.52
2016-11-01,2016-11-05,313.08
2016-11-01,2016-11-06,305.08
2016-11-01,2016-11-07,294.24
2016-11-01,2016-11-08,363.47
2016-11-01,2016-11-09,294.24
2016-11-01,2016-11-12,391.68
2016-11-02,2016-11-04,373.69
2016-11-02,2016-11-06,306.24
2016-11-02,2016-11-07,348.19
2016-11-02,2016-11-08,373.69
2016-11-02,2016-11-09,311.58
2016-11-02,2016-11-10,372.19
2016-11-02,2016-11-12,332.52
2016-11-03,2016-11-05,306.79
2016-11-03,2016-11-06,306.69
2016-11-03,2016-11-07,306.69
2016-11-03,2016-11-08,314.24
2016-11-03,2016-11-10,306.79
2016-11-03,2016-11-11,430.69
2016-11-03,2016-11-12,481.24
2016-11-04,2016-11-06,282.34
2016-11-04,2016-11-07,306.79
2016-11-04,2016-11-08,313.08
2016-11-04,2016-11-09,315.93
2016-11-04,2016-11-11,282.34
2016-11-04,2016-11-12,344.24
2016-11-04,2016-11-13,442.69
2016-11-04,2016-11-25,324.52
2016-11-05,2016-11-05,468.59
2016-11-05,2016-11-08,336.02
2016-11-05,2016-11-09,318.19
2016-11-05,2016-11-10,282.34
2016-11-05,2016-11-11,343.47
2016-11-05,2016-11-12,278.99
2016-11-05,2016-11-13,294.24
2016-11-05,2016-11-14,383.52
2016-11-05,2016-11-15,440.08
2016-11-05,2016-11-21,456.39
2016-11-06,2016-11-08,336.02
2016-11-06,2016-11-10,319.69
2016-11-06,2016-11-11,306.69
2016-11-06,2016-11-12,306.69
2016-11-06,2016-11-13,324.24
2016-11-06,2016-11-14,432.47
2016-11-06,2016-11-15,313.08
2016-11-06,2016-11-16,318.24
2016-11-06,2016-11-18,339.62
2016-11-06,2016-11-19,306.69
2016-11-07,2016-11-10,426.8
2016-11-07,2016-11-11,282.24
2016-11-07,2016-11-12,281.24
2016-11-07,2016-11-13,328.24
2016-11-07,2016-11-14,306.79
2016-11-07,2016-11-15,337.47
2016-11-07,2016-11-16,337.47
2016-11-07,2016-11-17,281.24
2016-11-07,2016-11-18,313.08
2016-11-08,2016-11-10,425.69
2016-11-08,2016-11-11,425.69
2016-11-08,2016-11-12,265.34
2016-11-08,2016-11-13,294.24
2016-11-08,2016-11-14,296.74
2016-11-08,2016-11-15,293.24
2016-11-08,2016-11-16,313.08
2016-11-08,2016-11-17,318.19
2016-11-08,2016-11-18,313.08
2016-11-08,2016-11-29,296.74
2016-11-09,2016-11-12,317.08
2016-11-09,2016-11-13,293.59
2016-11-09,2016-11-14,317.08
2016-11-09,2016-11-15,319.69
2016-11-09,2016-11-16,317.47
2016-11-09,2016-11-17,318.19
2016-11-09,2016-11-18,375.52
2016-11-10,2016-11-12,306.69
2016-11-10,2016-11-13,294.24
2016-11-10,2016-11-14,306.69
2016-11-10,2016-11-15,315.93
2016-11-10,2016-11-16,294.24
2016-11-10,2016-11-17,282.34
2016-11-10,2016-11-18,350.52
2016-11-10,2016-11-20,440.08
2016-11-10,2017-03-20,347.62
2016-11-11,2016-11-11,397.08
2016-11-11,2016-11-12,306.79
2016-11-11,2016-11-13,318.24
2016-11-11,2016-11-14,284.29
2016-11-11,2016-11-15,319.69
2016-11-11,2016-11-16,315.93
2016-11-11,2016-11-17,306.79
2016-11-11,2016-11-18,300.8
2016-11-11,2016-11-19,281.24
2016-11-11,2016-11-21,318.24
2016-11-11,2016-11-23,352.52
2016-11-11,2016-12-06,319.69
2016-11-12,2016-11-15,313.08
2016-11-12,2016-11-16,288.99
2016-11-12,2016-11-17,282.34
2016-11-12,2016-11-18,295.24
2016-11-12,2016-11-19,265.34
2016-11-12,2016-11-20,306.69
2016-11-12,2016-11-23,291.24
2016-11-13,2016-11-13,486.19
2016-11-13,2016-11-15,399.58
2016-11-13,2016-11-17,312.93
2016-11-13,2016-11-18,282.34
2016-11-13,2016-11-19,324.62
2016-11-13,2016-11-20,335.97
2016-11-13,2016-11-21,300.18
2016-11-13,2016-11-22,446.58
2016-11-13,2016-11-23,292.74
2016-11-14,2016-11-15,426.8
2016-11-14,2016-11-17,324.62
2016-11-14,2016-11-18,300.0
2016-11-14,2016-11-19,300.0
2016-11-14,2016-11-20,294.0
2016-11-14,2016-11-21,290.0
2016-11-14,2016-11-22,293.74
2016-11-14,2016-11-23,335.97
2016-11-14,2016-11-24,355.69
2016-11-15,2016-11-16,426.8
2016-11-15,2016-11-19,337.52
2016-11-15,2016-11-21,319.69
2016-11-15,2016-11-22,316.74
2016-11-15,2016-11-24,294.24
2016-11-15,2016-11-25,422.52
2016-11-15,2017-01-02,648.97
2016-11-16,2016-11-20,293.24
2016-11-16,2016-11-21,317.47
2016-11-16,2016-11-22,315.97
2016-11-16,2016-11-23,337.47
2016-11-16,2016-11-24,401.24
2016-11-16,2016-11-25,547.08
2016-11-16,2016-11-29,452.74
2016-11-17,2016-11-19,454.62
2016-11-17,2016-11-20,294.0
2016-11-17,2016-11-21,265.34
2016-11-17,2016-11-22,350.19
2016-11-17,2016-11-23,445.24
2016-11-17,2016-11-24,443.57
2016-11-17,2016-11-26,477.18
2016-11-17,2016-11-27,686.39
2016-11-17,2016-11-28,363.24
2016-11-18,2016-11-20,350.52
2016-11-18,2016-11-21,282.34
2016-11-18,2016-11-22,468.97
2016-11-18,2016-11-23,414.69
2016-11-18,2016-11-24,350.57
2016-11-18,2016-11-25,330.57
2016-11-18,2016-11-26,423.24
2016-11-18,2016-11-27,467.52
2016-11-18,2016-11-28,555.98
2016-11-19,2016-11-21,454.62
2016-11-19,2016-11-24,282.34
2016-11-19,2016-11-25,279.79
2016-11-19,2016-11-26,324.0
2016-11-19,2016-11-27,419.62
2016-11-19,2016-11-29,454.74
2016-11-19,2016-11-30,556.8
2016-11-20,2016-11-22,462.52
2016-11-20,2016-11-23,480.8
2016-11-20,2016-11-25,282.34
2016-11-20,2016-11-26,304.0
2016-11-20,2016-11-27,304.0
2016-11-20,2016-11-28,475.08
2016-11-20,2016-11-30,463.89
2016-11-21,2016-11-23,480.8
2016-11-21,2016-11-25,300.0
2016-11-21,2016-11-26,300.28
2016-11-21,2016-11-27,443.24
2016-11-21,2016-11-28,278.99
2016-11-21,2016-11-29,341.52
2016-11-21,2016-12-03,324.62
2016-11-21,2016-12-07,318.24
2016-11-22,2016-11-23,425.08
2016-11-22,2016-11-24,556.08
2016-11-22,2016-11-25,523.39
2016-11-22,2016-11-26,294.0
2016-11-22,2016-11-27,294.0
2016-11-22,2016-11-28,397.0
2016-11-22,2016-11-29,324.74
2016-11-22,2016-11-30,425.52
2016-11-22,2016-12-01,433.24
2016-11-22,2016-12-03,407.92
2016-11-22,2016-12-05,433.24
2016-11-23,2016-11-24,555.09
2016-11-23,2016-11-25,540.08
2016-11-23,2016-11-26,520.52
2016-11-23,2016-11-27,454.47
2016-11-23,2016-11-28,381.52
2016-11-23,2016-11-29,376.24
2016-11-23,2016-11-30,468.39
2016-11-23,2016-12-01,475.52
2016-11-23,2016-12-05,418.24
2016-11-24,2016-11-26,485.52
2016-11-24,2016-11-27,474.52
2016-11-24,2016-11-28,311.24
2016-11-24,2016-11-29,289.09
2016-11-24,2016-11-30,319.69
2016-11-24,2016-12-01,306.69
2016-11-24,2016-12-02,331.93
2016-11-24,2016-12-03,306.79
2016-11-24,2016-12-04,330.47
2016-11-24,2016-12-05,290.0
2016-11-24,2016-12-08,317.08
2016-11-24,2016-12-09,306.69
2016-11-24,2016-12-10,324.62
2016-11-24,2016-12-31,326.69
2016-11-25,2016-11-27,541.52
2016-11-25,2016-11-28,293.59
2016-11-25,2016-11-29,293.59
2016-11-25,2016-11-30,319.69
2016-11-25,2016-12-01,306.69
2016-11-25,2016-12-02,290.39
2016-11-25,2016-12-03,296.8
2016-11-25,2016-12-04,337.47
2016-11-25,2016-12-05,388.8
2016-11-25,2016-12-09,289.69
2016-11-26,2016-11-26,525.52
2016-11-26,2016-11-28,507.52
2016-11-26,2016-11-29,480.8
2016-11-26,2016-11-30,333.43
2016-11-26,2016-12-01,337.52
2016-11-26,2016-12-02,338.93
2016-11-26,2016-12-03,298.24
2016-11-26,2016-12-04,362.58
2016-11-26,2016-12-06,331.24
2016-11-26,2016-12-10,350.57
2016-11-27,2016-11-30,337.52
2016-11-27,2016-12-01,324.62
2016-11-27,2016-12-02,324.62
2016-11-27,2016-12-03,306.79
2016-11-27,2016-12-04,317.08
2016-11-27,2017-01-01,594.2
2016-11-28,2016-11-28,585.02
2016-11-28,2016-11-30,334.52
2016-11-28,2016-12-01,324.62
2016-11-28,2016-12-02,265.34
2016-11-28,2016-12-03,319.69
2016-11-28,2016-12-05,324.62
2016-11-29,2016-11-29,455.52
2016-11-29,2016-11-30,334.52
2016-11-29,2016-12-03,313.08
2016-11-29,2016-12-04,456.8
2016-11-29,2016-12-06,293.24
2016-11-29,2016-12-07,317.47
2016-11-30,2016-11-30,336.02
2016-11-30,2016-12-02,336.02
2016-11-30,2016-12-04,318.19
2016-11-30,2016-12-05,337.47
2016-11-30,2016-12-06,313.08
2016-11-30,2016-12-09,337.47
2016-11-30,2016-12-10,388.8
2016-11-30,2017-02-26,425.52
2016-12-01,2016-12-04,294.24
2016-12-01,2016-12-05,303.9
2016-12-01,2016-12-06,294.24
2016-12-01,2016-12-07,294.24
2016-12-01,2016-12-08,324.24
2016-12-01,2016-12-09,313.9
2016-12-01,2016-12-10,317.57
2016-12-01,2016-12-11,324.62
2016-12-01,2016-12-12,354.69
2016-12-01,2016-12-13,426.8
2016-12-01,2016-12-15,327.57
2016-12-01,2016-12-16,468.39
2016-12-01,2017-02-25,449.52
2016-12-02,2016-12-03,350.42
2016-12-02,2016-12-04,313.08
2016-12-02,2016-12-05,319.69
2016-12-02,2016-12-06,337.47
2016-12-02,2016-12-07,325.69
2016-12-02,2016-12-08,373.39
2016-12-02,2016-12-09,284.39
2016-12-02,2016-12-10,322.24
2016-12-02,2016-12-11,296.8
2016-12-02,2016-12-12,341.52
2016-12-02,2016-12-13,388.8
2016-12-02,2016-12-15,379.39
2016-12-03,2016-12-04,294.24
2016-12-03,2016-12-05,294.24
2016-12-03,2016-12-06,319.69
2016-12-03,2016-12-07,335.97
2016-12-03,2016-12-09,325.69
2016-12-03,2016-12-10,265.34
2016-12-03,2016-12-12,373.39
2016-12-04,2016-12-05,294.24
2016-12-04,2016-12-06,335.97
2016-12-04,2016-12-07,302.43
2016-12-04,2016-12-08,313.08
2016-12-04,2016-12-09,294.24
2016-12-04,2016-12-10,284.39
2016-12-04,2016-12-11,284.39
2016-12-04,2016-12-12,387.3
2016-12-04,2016-12-13,387.3
2016-12-04,2016-12-17,284.39
2016-12-05,2016-12-06,426.39
2016-12-05,2016-12-07,335.97
2016-12-05,2016-12-09,294.0
2016-12-05,2016-12-10,313.08
2016-12-05,2016-12-11,363.47
2016-12-05,2016-12-12,265.34
2016-12-05,2016-12-13,302.43
2016-12-05,2016-12-14,324.62
2016-12-05,2016-12-17,407.18
2016-12-05,2016-12-18,379.39
2016-12-06,2016-12-08,426.39
2016-12-06,2016-12-10,303.93
2016-12-06,2016-12-11,294.0
2016-12-06,2016-12-13,324.19
2016-12-06,2016-12-14,302.43
2016-12-06,2016-12-16,392.18
2016-12-06,2016-12-18,438.08
2016-12-06,2016-12-19,311.58
2016-12-07,2016-12-09,262.89
2016-12-07,2016-12-10,294.24
2016-12-07,2016-12-11,294.24
2016-12-07,2016-12-12,479.69
2016-12-07,2016-12-13,313.08
2016-12-07,2016-12-14,367.69
2016-12-07,2016-12-15,468.39
2016-12-07,2016-12-16,311.58
2016-12-08,2016-12-08,456.39
2016-12-08,2016-12-11,387.69
2016-12-08,2016-12-12,303.93
2016-12-08,2016-12-13,367.69
2016-12-08,2016-12-14,343.69
2016-12-08,2016-12-15,366.19
2016-12-09,2016-12-11,294.89
2016-12-09,2016-12-12,294.24
2016-12-09,2016-12-13,294.24
2016-12-09,2016-12-14,387.69
2016-12-09,2016-12-16,313.08
2016-12-09,2016-12-17,303.93
2016-12-09,2016-12-18,303.93
2016-12-09,2016-12-19,387.69
2016-12-10,2016-12-10,325.69
2016-12-10,2016-12-14,324.19
2016-12-10,2016-12-15,292.74
2016-12-10,2016-12-16,322.69
2016-12-10,2016-12-17,284.39
2016-12-10,2016-12-19,307.08
2016-12-10,2016-12-20,311.09
2016-12-11,2016-12-13,313.08
2016-12-11,2016-12-14,311.58
2016-12-11,2016-12-15,351.02
2016-12-11,2016-12-16,295.3
2016-12-11,2016-12-17,318.24
2016-12-11,2016-12-18,290.39
2016-12-11,2016-12-20,316.74
2016-12-11,2016-12-21,322.69
2016-12-12,2016-12-17,318.24
2016-12-12,2016-12-18,313.08
2016-12-12,2016-12-19,366.02
2016-12-12,2016-12-22,357.47
2016-12-13,2016-12-17,348.87
2016-12-13,2016-12-18,318.24
2016-12-13,2016-12-19,316.74
2016-12-13,2016-12-20,316.74
2016-12-13,2016-12-21,479.3
2016-12-13,2016-12-23,360.47
2016-12-14,2016-12-17,388.8
2016-12-14,2016-12-18,313.08
2016-12-14,2016-12-19,479.3
2016-12-14,2016-12-21,318.24
2016-12-14,2016-12-24,488.97
2016-12-14,2017-01-02,743.74
2016-12-14,2017-01-05,565.8
2016-12-15,2016-12-16,385.8
2016-12-15,2016-12-18,443.74
2016-12-15,2016-12-19,303.93
2016-12-15,2016-12-20,381.97
2016-12-15,2016-12-21,369.69
2016-12-15,2016-12-22,570.08
2016-12-15,2016-12-25,488.97
2016-12-15,2017-01-03,526.37
2016-12-16,2016-12-19,291.74
2016-12-16,2016-12-20,365.69
2016-12-16,2016-12-21,331.18
2016-12-16,2016-12-22,332.68
2016-12-16,2016-12-23,386.69
2016-12-16,2016-12-24,386.69
2016-12-16,2016-12-25,488.97
2016-12-16,2016-12-30,412.19
2016-12-16,2016-12-31,477.69
2016-12-16,2017-01-01,753.97
2016-12-16,2017-01-03,654.37
2016-12-16,2017-01-08,658.89
2016-12-16,2017-01-09,576.74
2016-12-16,2017-01-10,415.52
2016-12-17,2016-12-19,375.69
2016-12-17,2016-12-21,375.69
2016-12-17,2016-12-22,595.52
2016-12-17,2016-12-23,449.8
2016-12-17,2016-12-24,375.69
2016-12-17,2016-12-25,922.79
2016-12-17,2016-12-26,515.8
2016-12-17,2016-12-29,597.92
2016-12-17,2016-12-31,778.64
2016-12-17,2017-01-01,696.69
2016-12-17,2017-01-03,528.83
2016-12-17,2017-01-04,659.97
2016-12-18,2016-12-21,461.24
2016-12-18,2016-12-22,343.93
2016-12-18,2016-12-23,302.8
2016-12-18,2016-12-24,440.08
2016-12-18,2016-12-25,462.92
2016-12-18,2017-01-02,675.69
2016-12-18,2017-01-07,645.52
2016-12-19,2016-12-23,510.52
2016-12-19,2016-12-24,445.48
2016-12-19,2016-12-26,346.69
2016-12-19,2016-12-27,510.52
2016-12-19,2016-12-30,555.69
2016-12-19,2017-01-02,616.93
2016-12-20,2016-12-23,363.52
2016-12-20,2016-12-25,361.93
2016-12-20,2016-12-26,455.52
2016-12-20,2016-12-27,363.52
2016-12-20,2016-12-29,589.69
2016-12-20,2016-12-30,505.52
2016-12-20,2017-01-02,717.08
2016-12-20,2017-01-03,567.52
2016-12-21,2016-12-23,346.69
2016-12-21,2016-12-24,325.69
2016-12-21,2016-12-26,325.69
2016-12-21,2016-12-28,325.69
2016-12-21,2016-12-29,407.69
2016-12-21,2016-12-31,655.52
2016-12-21,2017-01-01,580.69
2016-12-21,2017-01-02,634.27
2016-12-21,2017-01-03,635.69
2016-12-21,2017-01-05,385.19
2016-12-22,2016-12-23,550.08
2016-12-22,2016-12-24,480.52
2016-12-22,2016-12-25,491.24
2016-12-22,2016-12-26,459.69
2016-12-22,2016-12-27,416.69
2016-12-22,2016-12-28,574.52
2016-12-22,2016-12-29,397.93
2016-12-22,2016-12-30,442.19
2016-12-22,2016-12-31,717.08
2016-12-22,2017-01-01,780.52
2016-12-22,2017-01-02,654.37
2016-12-22,2017-01-03,612.52
2016-12-23,2016-12-23,748.97
2016-12-23,2016-12-26,475.47
2016-12-23,2016-12-27,401.43
2016-12-23,2016-12-28,457.93
2016-12-23,2016-12-29,410.62
2016-12-23,2016-12-30,413.52
2016-12-23,2016-12-31,479.69
2016-12-23,2017-01-01,690.99
2016-12-23,2017-01-02,795.47
2016-12-23,2017-01-03,587.47
2016-12-23,2017-01-04,720.8
2016-12-23,2017-01-05,585.52
2016-12-23,2017-01-06,500.69
2016-12-23,2017-02-25,574.69
2016-12-24,2016-12-27,586.08
2016-12-24,2016-12-28,467.93
2016-12-24,2016-12-29,355.69
2016-12-24,2016-12-30,381.19
2016-12-24,2016-12-31,359.69
2016-12-24,2017-01-01,697.69
2016-12-24,2017-01-02,549.39
2016-12-24,2017-01-03,707.69
2016-12-24,2017-01-04,536.52
2016-12-24,2017-01-05,540.47
2016-12-25,2016-12-28,417.93
2016-12-25,2016-12-29,410.52
2016-12-25,2016-12-30,414.52
2016-12-25,2016-12-31,443.52
2016-12-25,2017-01-01,508.69
2016-12-25,2017-01-02,589.69
2016-12-25,2017-01-03,534.69
2016-12-25,2017-01-04,454.02
2016-12-25,2017-01-05,515.8
2016-12-26,2016-12-28,625.52
2016-12-26,2016-12-29,420.52
2016-12-26,2016-12-30,420.52
2016-12-26,2016-12-31,443.52
2016-12-26,2017-01-01,503.39
2016-12-26,2017-01-02,547.62
2016-12-26,2017-01-03,565.52
2016-12-26,2017-01-04,475.47
2016-12-26,2017-01-05,459.52
2016-12-26,2017-01-06,563.93
2016-12-26,2017-01-07,420.69
2016-12-26,2017-01-09,485.47
2016-12-27,2016-12-28,534.69
2016-12-27,2016-12-29,529.39
2016-12-27,2016-12-30,534.19
2016-12-27,2016-12-31,390.69
2016-12-27,2017-01-01,503.39
2016-12-27,2017-01-02,547.62
2016-12-27,2017-01-03,423.52
2016-12-27,2017-01-04,426.24
2016-12-27,2017-01-05,363.47
2016-12-27,2017-01-06,453.93
2016-12-27,2017-01-07,367.52
2016-12-27,2017-01-08,383.52
2016-12-27,2017-01-10,352.52
2016-12-27,2017-01-11,383.47
2016-12-28,2016-12-28,471.52
2016-12-28,2016-12-29,429.52
2016-12-28,2016-12-30,460.52
2016-12-28,2016-12-31,533.93
2016-12-28,2017-01-01,509.39
2016-12-28,2017-01-02,548.69
2016-12-28,2017-01-03,485.47
2016-12-28,2017-01-04,324.24
2016-12-28,2017-01-05,345.19
2016-12-28,2017-01-06,382.92
2016-12-28,2017-01-09,333.93
2016-12-28,2017-01-13,490.47
2016-12-28,2017-01-14,357.59
2016-12-29,2016-12-29,527.47
2016-12-29,2016-12-30,460.52
2016-12-29,2016-12-31,491.93
2016-12-29,2017-01-01,613.93
2016-12-29,2017-01-02,554.69
2016-12-29,2017-01-03,450.24
2016-12-29,2017-01-04,363.47
2016-12-29,2017-01-05,313.08
2016-12-29,2017-01-06,327.93
2016-12-29,2017-01-07,426.24
2016-12-29,2017-01-08,363.52
2016-12-29,2017-01-11,381.97
2016-12-29,2017-01-12,363.52
2016-12-29,2017-01-13,381.97
2016-12-30,2016-12-31,397.93
2016-12-30,2017-01-01,417.39
2016-12-30,2017-01-02,457.39
2016-12-30,2017-01-03,450.24
2016-12-30,2017-01-04,318.24
2016-12-30,2017-01-05,327.93
2016-12-30,2017-01-06,289.69
2016-12-30,2017-01-07,346.69
2016-12-30,2017-01-08,289.69
2016-12-30,2017-01-09,383.47
2016-12-30,2017-01-13,367.69
2016-12-30,2017-01-14,313.08
2016-12-30,2017-01-15,383.47
2016-12-30,2017-01-16,325.69
2016-12-31,2016-12-31,483.93
2016-12-31,2017-01-01,593.93
2016-12-31,2017-01-02,603.93
2016-12-31,2017-01-03,593.93
2016-12-31,2017-01-04,318.24
2016-12-31,2017-01-05,297.93
2016-12-31,2017-01-06,323.43
2016-12-31,2017-01-07,289.33
2016-12-31,2017-01-08,408.58
2016-12-31,2017-01-10,399.3
2016-12-31,2017-01-11,381.97
2016-12-31,2017-01-13,381.97
2016-12-31,2017-01-14,383.47
2016-12-31,2017-01-15,299.43
2016-12-31,2017-01-16,367.69
2016-12-31,2017-01-18,381.97
2017-01-01,2017-01-01,573.93
2017-01-01,2017-01-02,583.93
2017-01-01,2017-01-03,573.93
2017-01-01,2017-01-04,357.93
2017-01-01,2017-01-05,303.93
2017-01-01,2017-01-06,440.08
2017-01-01,2017-01-07,295.69
2017-01-01,2017-01-08,290.39
2017-01-01,2017-01-09,383.47
2017-01-01,2017-01-11,381.97
2017-01-01,2017-01-12,381.97
2017-01-01,2017-01-14,381.97
2017-01-01,2017-01-15,363.52
2017-01-01,2017-01-17,383.47
2017-01-01,2017-02-28,383.47
2017-01-02,2017-01-05,572.8
2017-01-02,2017-01-06,455.47
2017-01-02,2017-01-08,446.08
2017-01-02,2017-01-12,381.97
2017-01-02,2017-01-15,383.47
2017-01-03,2017-01-06,440.87
2017-01-03,2017-01-08,325.69
2017-01-03,2017-01-10,318.24
2017-01-03,2017-01-11,380.47
2017-01-03,2017-01-15,363.52
2017-01-04,2017-01-06,367.52
2017-01-04,2017-01-08,366.19
2017-01-04,2017-01-09,325.69
2017-01-04,2017-01-10,325.69
2017-01-04,2017-01-11,303.93
2017-01-04,2017-01-12,303.93
2017-01-04,2017-01-13,303.93
2017-01-04,2017-01-14,324.24
2017-01-04,2017-01-15,303.93
2017-01-04,2017-01-16,327.93
2017-01-04,2017-01-17,303.93
2017-01-04,2017-02-04,435.08
2017-01-05,2017-01-09,291.74
2017-01-05,2017-01-10,324.19
2017-01-05,2017-01-11,303.93
2017-01-05,2017-01-12,303.93
2017-01-05,2017-01-13,303.93
2017-01-05,2017-01-14,327.93
2017-01-05,2017-01-15,303.93
2017-01-05,2017-01-16,327.93
2017-01-05,2017-01-17,303.93
2017-01-05,2017-01-19,324.62
2017-01-06,2017-01-08,324.19
2017-01-06,2017-01-09,312.69
2017-01-06,2017-01-10,324.19
2017-01-06,2017-01-11,303.93
2017-01-06,2017-01-12,313.33
2017-01-06,2017-01-13,295.69
2017-01-06,2017-01-14,290.39
2017-01-06,2017-01-15,295.69
2017-01-06,2017-01-16,327.93
2017-01-06,2017-01-17,303.93
2017-01-06,2017-01-19,300.93
2017-01-07,2017-01-11,299.43
2017-01-07,2017-01-12,299.43
2017-01-07,2017-01-14,289.69
2017-01-07,2017-01-15,295.69
2017-01-07,2017-01-16,327.93
2017-01-07,2017-01-17,303.93
2017-01-07,2017-01-19,381.97
2017-01-08,2017-01-11,300.93
2017-01-08,2017-01-12,303.93
2017-01-08,2017-01-13,303.93
2017-01-08,2017-01-14,295.69
2017-01-08,2017-01-15,303.93
2017-01-08,2017-01-16,327.93
2017-01-08,2017-01-17,303.93
2017-01-08,2017-01-18,318.24
2017-01-09,2017-01-11,303.93
2017-01-09,2017-01-12,303.93
2017-01-09,2017-01-13,290.93
2017-01-09,2017-01-14,313.08
2017-01-09,2017-01-15,302.43
2017-01-09,2017-01-16,313.08
2017-01-09,2017-01-17,303.93
2017-01-09,2017-01-19,324.62
2017-01-09,2017-01-21,355.92
2017-01-09,2017-01-24,367.52
2017-01-09,2017-01-26,366.02
2017-01-09,2017-04-15,367.52
2017-01-10,2017-01-11,303.93
2017-01-10,2017-01-12,303.93
2017-01-10,2017-01-13,303.93
2017-01-10,2017-01-14,313.08
2017-01-10,2017-01-15,302.43
2017-01-10,2017-01-16,313.08
2017-01-10,2017-01-17,303.93
2017-01-10,2017-01-20,366.02
2017-01-11,2017-01-12,311.58
2017-01-11,2017-01-14,313.08
2017-01-11,2017-01-15,303.93
2017-01-11,2017-01-16,313.08
2017-01-11,2017-01-17,313.08
2017-01-11,2017-01-18,302.43
2017-01-11,2017-01-19,375.47
2017-01-11,2017-01-20,366.02
2017-01-11,2017-01-23,325.69
2017-01-11,2017-02-01,494.8
2017-01-12,2017-01-12,405.52
2017-01-12,2017-01-13,313.08
2017-01-12,2017-01-15,313.08
2017-01-12,2017-01-16,324.52
2017-01-12,2017-01-17,303.93
2017-01-12,2017-01-18,324.24
2017-01-12,2017-01-19,337.52
2017-01-12,2017-01-22,367.69
2017-01-13,2017-01-15,313.08
2017-01-13,2017-01-16,318.24
2017-01-13,2017-01-17,303.93
2017-01-13,2017-01-18,337.52
2017-01-13,2017-01-19,383.47
2017-01-13,2017-01-20,290.39
2017-01-13,2017-01-23,337.52
2017-01-13,2017-01-26,367.52
2017-01-13,2017-02-02,401.8
2017-01-14,2017-01-14,367.52
2017-01-14,2017-01-15,337.52
2017-01-14,2017-01-17,325.69
2017-01-14,2017-01-18,336.02
2017-01-14,2017-01-19,336.02
2017-01-14,2017-01-20,290.39
2017-01-14,2017-01-21,290.93
2017-01-14,2017-01-23,352.69
2017-01-14,2017-01-24,337.69
2017-01-14,2017-01-25,366.02
2017-01-14,2017-01-28,289.69
2017-01-14,2017-01-31,302.43
2017-01-14,2017-02-04,295.69
2017-01-14,2017-02-11,300.19
2017-01-14,2017-02-18,295.69
2017-01-15,2017-01-15,413.52
2017-01-15,2017-01-19,366.02
2017-01-15,2017-01-20,290.39
2017-01-15,2017-01-21,302.43
2017-01-15,2017-01-22,296.8
2017-01-15,2017-01-23,313.08
2017-01-15,2017-01-25,380.47
2017-01-15,2017-01-26,290.93
2017-01-15,2017-02-15,557.89
2017-01-16,2017-01-17,366.02
2017-01-16,2017-01-18,474.39
2017-01-16,2017-01-20,324.79
2017-01-16,2017-01-22,344.24
2017-01-16,2017-01-24,310.08
2017-01-16,2017-01-26,342.74
2017-01-16,2017-02-16,554.49
2017-01-17,2017-01-21,357.02
2017-01-17,2017-01-22,437.8
2017-01-17,2017-01-24,367.69
2017-01-17,2017-01-27,336.02
2017-01-17,2017-01-29,336.02
2017-01-17,2017-01-31,311.58
2017-01-17,2017-02-16,554.49
2017-01-18,2017-01-19,336.02
2017-01-18,2017-01-22,341.52
2017-01-18,2017-01-23,324.24
2017-01-18,2017-01-24,311.58
2017-01-18,2017-01-25,311.58
2017-01-18,2017-01-26,311.58
2017-01-19,2017-01-23,313.08
2017-01-19,2017-01-24,313.08
2017-01-19,2017-01-25,361.97
2017-01-19,2017-01-26,337.52
2017-01-19,2017-01-27,311.58
2017-01-19,2017-01-28,337.52
2017-01-19,2017-01-31,337.52
2017-01-20,2017-01-21,344.24
2017-01-20,2017-01-23,313.08
2017-01-20,2017-01-25,437.8
2017-01-20,2017-01-26,336.02
2017-01-20,2017-01-27,302.8
2017-01-20,2017-01-28,337.52
2017-01-20,2017-01-30,324.62
2017-01-21,2017-01-22,344.24
2017-01-21,2017-01-24,436.3
2017-01-21,2017-01-25,366.08
2017-01-21,2017-01-26,336.02
2017-01-21,2017-01-27,290.93
2017-01-21,2017-01-28,289.33
2017-01-21,2017-01-29,300.19
2017-01-21,2017-02-11,353.09
2017-01-22,2017-01-24,336.02
2017-01-22,2017-01-27,324.62
2017-01-22,2017-01-28,295.69
2017-01-22,2017-01-29,296.8
2017-01-23,2017-01-27,322.69
2017-01-23,2017-01-28,341.97
2017-01-23,2017-01-29,318.24
2017-01-23,2017-01-30,324.62
2017-01-23,2017-03-08,313.08
2017-01-23,2017-03-09,313.08
2017-01-23,2017-03-10,313.08
2017-01-23,2017-03-11,350.57
2017-01-24,2017-01-29,318.24
2017-01-24,2017-01-30,344.24
2017-01-24,2017-02-01,337.52
2017-01-24,2017-02-02,347.93
2017-01-24,2017-02-03,347.93
2017-01-24,2017-02-04,341.83
2017-01-24,2017-02-05,347.93
2017-01-24,2017-02-06,347.93
2017-01-24,2017-02-07,347.93
2017-01-24,2017-03-07,311.58
2017-01-24,2017-03-11,313.08
2017-01-24,2017-03-12,405.08
2017-01-25,2017-01-28,325.69
2017-01-25,2017-01-29,337.52
2017-01-25,2017-01-30,337.52
2017-01-25,2017-01-31,322.74
2017-01-25,2017-02-01,347.93
2017-01-25,2017-02-02,342.74
2017-01-25,2017-02-03,350.43
2017-01-25,2017-02-04,341.83
2017-01-25,2017-02-05,317.58
2017-01-25,2017-02-06,351.93
2017-01-25,2017-02-07,351.93
2017-01-25,2017-03-09,344.24
2017-01-25,2017-03-10,313.08
2017-01-25,2017-03-11,313.08
2017-01-26,2017-01-28,406.24
2017-01-26,2017-01-29,312.69
2017-01-26,2017-01-30,312.79
2017-01-26,2017-02-01,336.02
2017-01-26,2017-02-02,312.69
2017-01-26,2017-02-03,324.62
2017-01-26,2017-02-04,341.83
2017-01-26,2017-02-05,351.93
2017-01-26,2017-02-06,325.69
2017-01-26,2017-02-07,351.93
2017-01-26,2017-03-07,313.08
2017-01-26,2017-03-08,361.97
2017-01-26,2017-03-09,311.34
2017-01-26,2017-03-10,313.08
2017-01-26,2017-03-11,383.47
2017-01-27,2017-01-29,312.79
2017-01-27,2017-01-31,325.69
2017-01-27,2017-02-01,347.93
2017-01-27,2017-02-02,347.93
2017-01-27,2017-02-03,312.69
2017-01-27,2017-02-04,341.83
2017-01-27,2017-02-05,351.93
2017-01-27,2017-02-06,350.43
2017-01-27,2017-02-07,351.93
2017-01-27,2017-02-10,337.52
2017-01-27,2017-03-06,383.47
2017-01-27,2017-03-12,405.08
2017-01-28,2017-01-29,344.24
2017-01-28,2017-01-30,290.93
2017-01-28,2017-01-31,325.69
2017-01-28,2017-02-01,347.93
2017-01-28,2017-02-02,347.93
2017-01-28,2017-02-03,351.93
2017-01-28,2017-02-04,265.34
2017-01-28,2017-02-05,313.08
2017-01-28,2017-02-06,351.93
2017-01-28,2017-02-07,350.43
2017-01-28,2017-02-09,322.74
2017-01-28,2017-03-06,313.08
2017-01-28,2017-03-07,313.08
2017-01-28,2017-03-12,405.08
2017-01-29,2017-02-01,350.43
2017-01-29,2017-02-02,300.93
2017-01-29,2017-02-03,292.69
2017-01-29,2017-02-04,296.8
2017-01-29,2017-02-05,337.33
2017-01-29,2017-02-06,324.24
2017-01-29,2017-02-07,347.93
2017-01-29,2017-03-06,350.47
2017-01-29,2017-03-12,350.57
2017-01-29,2017-03-27,311.58
2017-01-30,2017-02-01,347.93
2017-01-30,2017-02-02,347.93
2017-01-30,2017-02-03,313.08
2017-01-30,2017-02-04,340.33
2017-01-30,2017-02-05,347.93
2017-01-30,2017-02-06,300.18
2017-01-30,2017-02-07,347.93
2017-01-30,2017-02-14,310.08
2017-01-31,2017-02-03,324.19
2017-01-31,2017-02-04,324.24
2017-01-31,2017-02-06,311.24
2017-01-31,2017-02-07,325.69
2017-01-31,2017-02-08,313.08
2017-01-31,2017-02-09,375.47
2017-01-31,2017-02-10,303.93
2017-02-01,2017-02-06,330.19
2017-02-01,2017-02-07,325.69
2017-02-01,2017-02-08,363.47
2017-02-01,2017-02-09,342.74
2017-02-01,2017-02-10,337.52
2017-02-01,2017-02-13,496.3
2017-02-01,2017-02-14,337.52
2017-02-01,2017-02-28,495.08
2017-02-02,2017-02-05,383.47
2017-02-02,2017-02-06,290.0
2017-02-02,2017-02-07,318.24
2017-02-02,2017-02-08,302.43
2017-02-02,2017-02-09,311.34
2017-02-02,2017-02-10,324.62
2017-02-02,2017-02-11,300.0
2017-02-02,2017-02-12,337.52
2017-02-02,2017-02-13,382.0
2017-02-02,2017-02-14,496.3
2017-02-02,2017-02-16,313.08
2017-02-03,2017-02-05,312.79
2017-02-03,2017-02-06,324.62
2017-02-03,2017-02-07,325.69
2017-02-03,2017-02-08,344.24
2017-02-03,2017-02-09,312.79
2017-02-03,2017-02-10,324.52
2017-02-03,2017-02-11,290.93
2017-02-03,2017-02-12,337.52
2017-02-03,2017-02-13,383.47
2017-02-03,2017-02-24,346.69
2017-02-04,2017-02-05,342.74
2017-02-04,2017-02-06,367.52
2017-02-04,2017-02-07,344.24
2017-02-04,2017-02-08,265.34
2017-02-04,2017-02-09,290.93
2017-02-04,2017-02-11,296.8
2017-02-04,2017-02-12,303.08
2017-02-04,2017-02-22,325.69
2017-02-04,2017-02-27,400.8
2017-02-04,2017-03-04,350.62
2017-02-05,2017-02-08,325.69
2017-02-05,2017-02-09,331.34
2017-02-05,2017-02-10,296.8
2017-02-05,2017-02-11,265.34
2017-02-05,2017-02-12,296.8
2017-02-06,2017-02-06,479.3
2017-02-06,2017-02-09,311.58
2017-02-06,2017-02-10,300.0
2017-02-06,2017-02-11,294.0
2017-02-06,2017-02-12,324.24
2017-02-06,2017-02-13,290.18
2017-02-06,2017-02-22,324.19
2017-02-06,2017-02-24,346.69
2017-02-07,2017-02-07,344.24
2017-02-07,2017-02-13,311.24
2017-02-07,2017-02-14,341.97
2017-02-07,2017-02-16,334.52
2017-02-07,2017-02-19,336.02
2017-02-07,2017-02-21,366.19
2017-02-08,2017-02-13,303.93
2017-02-08,2017-02-14,322.74
2017-02-08,2017-02-15,313.08
2017-02-08,2017-02-16,322.74
2017-02-08,2017-02-17,336.02
2017-02-08,2017-02-19,337.52
2017-02-08,2017-02-22,325.69
2017-02-09,2017-02-12,313.08
2017-02-09,2017-02-13,311.34
2017-02-09,2017-02-14,324.24
2017-02-09,2017-02-16,311.34
2017-02-09,2017-02-17,336.02
2017-02-09,2017-02-20,300.18
2017-02-09,2017-02-21,367.52
2017-02-10,2017-02-12,318.24
2017-02-10,2017-02-13,312.79
2017-02-10,2017-02-14,318.24
2017-02-10,2017-02-15,336.02
2017-02-10,2017-02-16,324.62
2017-02-10,2017-02-17,324.62
2017-02-10,2017-02-18,296.8
2017-02-10,2017-02-19,290.93
2017-02-10,2017-02-20,331.24
2017-02-10,2017-02-23,318.24
2017-02-10,2017-02-24,324.24
2017-02-11,2017-02-13,312.79
2017-02-11,2017-02-15,336.02
2017-02-11,2017-02-16,311.58
2017-02-11,2017-02-17,312.79
2017-02-11,2017-02-18,265.34
2017-02-11,2017-02-19,337.52
2017-02-11,2017-02-22,381.97
2017-02-11,2017-02-25,350.52
2017-02-11,2017-02-28,383.47
2017-02-12,2017-02-14,336.02
2017-02-12,2017-02-15,336.02
2017-02-12,2017-02-16,313.08
2017-02-12,2017-02-19,301.3
2017-02-12,2017-02-20,350.52
2017-02-12,2017-02-25,475.52
2017-02-13,2017-02-14,336.02
2017-02-13,2017-02-15,337.52
2017-02-13,2017-02-16,324.62
2017-02-13,2017-02-17,334.52
2017-02-13,2017-02-18,310.18
2017-02-13,2017-02-19,317.58
2017-02-13,2017-02-20,311.24
2017-02-13,2017-02-21,324.24
2017-02-13,2017-02-22,336.02
2017-02-13,2017-02-24,350.47
2017-02-13,2017-02-25,350.52
2017-02-14,2017-02-16,337.52
2017-02-14,2017-02-19,313.08
2017-02-14,2017-02-20,300.18
2017-02-14,2017-02-21,318.24
2017-02-14,2017-02-23,363.52
2017-02-14,2017-02-25,406.93
2017-02-14,2017-02-26,556.08
2017-02-14,2017-02-27,375.52
2017-02-14,2017-02-28,383.47
2017-02-15,2017-02-17,337.69
2017-02-15,2017-02-19,367.69
2017-02-15,2017-02-20,337.52
2017-02-15,2017-02-21,324.24
2017-02-15,2017-02-22,324.19
2017-02-15,2017-02-23,325.69
2017-02-15,2017-02-24,352.52
2017-02-15,2017-02-25,427.19
2017-02-15,2017-02-26,422.52
2017-02-15,2017-02-27,383.47
2017-02-15,2017-02-28,337.52
2017-02-16,2017-02-16,514.3
2017-02-16,2017-02-18,315.34
2017-02-16,2017-02-19,416.69
2017-02-16,2017-02-20,290.28
2017-02-16,2017-02-21,388.33
2017-02-16,2017-02-22,416.24
2017-02-16,2017-02-23,311.34
2017-02-16,2017-02-24,300.0
2017-02-16,2017-02-25,300.0
2017-02-16,2017-02-26,507.52
2017-02-16,2017-02-27,352.92
2017-02-16,2017-02-28,388.13
2017-02-17,2017-02-18,450.52
2017-02-17,2017-02-19,497.58
2017-02-17,2017-02-20,324.62
2017-02-17,2017-02-21,416.69
2017-02-17,2017-02-22,416.69
2017-02-17,2017-02-23,324.62
2017-02-17,2017-02-24,330.57
2017-02-17,2017-02-25,467.47
2017-02-17,2017-02-26,438.34
2017-02-17,2017-02-27,515.69
2017-02-17,2017-02-28,477.52
2017-02-17,2017-03-01,480.52
2017-02-18,2017-02-19,464.8
2017-02-18,2017-02-20,527.47
2017-02-18,2017-02-21,355.52
2017-02-18,2017-02-22,303.93
2017-02-18,2017-02-23,324.62
2017-02-18,2017-02-24,330.57
2017-02-18,2017-02-25,310.0
2017-02-18,2017-02-26,350.52
2017-02-18,2017-02-27,455.47
2017-02-18,2017-02-28,351.93
2017-02-18,2017-03-01,450.69
2017-02-19,2017-02-20,350.57
2017-02-19,2017-02-22,318.24
2017-02-19,2017-02-23,324.62
2017-02-19,2017-02-24,265.34
2017-02-19,2017-02-25,323.9
2017-02-19,2017-02-26,320.18
2017-02-19,2017-02-27,370.62
2017-02-19,2017-02-28,367.69
2017-02-19,2017-03-01,390.69
2017-02-20,2017-02-20,581.58
2017-02-20,2017-02-22,318.24
2017-02-20,2017-02-23,337.52
2017-02-20,2017-02-24,294.0
2017-02-20,2017-02-25,300.28
2017-02-20,2017-02-26,326.43
2017-02-20,2017-02-27,324.62
2017-02-20,2017-02-28,367.69
2017-02-20,2017-03-01,367.69
2017-02-21,2017-02-21,571.58
2017-02-21,2017-02-22,536.08
2017-02-21,2017-02-23,337.52
2017-02-21,2017-02-24,367.69
2017-02-21,2017-02-25,480.52
2017-02-21,2017-02-26,416.69
2017-02-21,2017-02-27,369.69
2017-02-21,2017-02-28,337.52
2017-02-21,2017-03-01,367.69
2017-02-21,2017-03-04,294.0
2017-02-21,2017-03-05,388.8
2017-02-21,2017-03-06,284.0
2017-02-22,2017-02-22,367.52
2017-02-22,2017-02-23,367.69
2017-02-22,2017-02-24,390.69
2017-02-22,2017-02-25,475.08
2017-02-22,2017-02-26,416.69
2017-02-22,2017-02-27,354.93
2017-02-22,2017-02-28,367.69
2017-02-22,2017-03-01,367.69
2017-02-22,2017-03-05,346.69
2017-02-23,2017-02-23,485.69
2017-02-23,2017-02-24,310.18
2017-02-23,2017-02-25,635.69
2017-02-23,2017-02-26,422.52
2017-02-23,2017-02-27,369.69
2017-02-23,2017-02-28,318.24
2017-02-23,2017-03-01,366.19
2017-02-23,2017-03-02,405.08
2017-02-23,2017-03-04,313.08
2017-02-23,2017-03-05,388.8
2017-02-23,2017-03-06,284.0
2017-02-23,2017-03-09,350.47
2017-02-24,2017-02-27,381.93
2017-02-24,2017-03-03,325.69
2017-02-24,2017-03-04,337.52
2017-02-24,2017-03-05,296.8
2017-02-24,2017-03-06,385.8
2017-02-24,2017-03-11,445.47
2017-02-24,2017-03-17,350.57
2017-02-24,2017-03-19,426.24
2017-02-24,2017-03-21,313.08
2017-02-25,2017-02-26,455.47
2017-02-25,2017-03-01,366.02
2017-02-25,2017-03-02,366.02
2017-02-25,2017-03-04,301.3
2017-02-25,2017-03-05,367.52
2017-02-25,2017-03-06,385.8
2017-02-25,2017-03-18,405.08
2017-02-25,2017-03-23,313.08
2017-02-26,2017-03-04,324.24
2017-02-26,2017-03-05,346.69
2017-02-26,2017-03-18,405.08
2017-02-26,2017-03-19,426.24
2017-02-27,2017-03-04,346.69
2017-02-27,2017-03-06,354.69
2017-02-27,2017-03-10,363.47
2017-02-27,2017-03-13,333.79
2017-02-27,2017-03-17,438.58
2017-02-27,2017-03-18,405.08
2017-02-27,2017-03-19,426.24
2017-02-27,2017-03-20,276.74
2017-02-27,2017-03-24,383.47
2017-02-27,2017-03-25,490.47
2017-02-28,2017-03-05,327.93
2017-02-28,2017-03-07,363.52
2017-02-28,2017-03-08,366.19
2017-02-28,2017-03-10,300.0
2017-02-28,2017-03-20,313.08
2017-02-28,2017-03-22,344.24
2017-02-28,2017-03-25,490.47
2017-03-01,2017-03-04,438.08
2017-03-01,2017-03-06,352.52
2017-03-01,2017-03-07,325.69
2017-03-01,2017-03-08,325.69
2017-03-01,2017-03-09,325.69
2017-03-01,2017-03-10,349.69
2017-03-01,2017-03-11,349.69
2017-03-01,2017-03-12,349.69
2017-03-01,2017-03-13,325.69
2017-03-01,2017-03-21,313.08
2017-03-01,2017-03-22,313.08
2017-03-01,2017-03-23,313.08
2017-03-01,2017-03-27,383.47
2017-03-02,2017-03-02,570.08
2017-03-02,2017-03-05,300.28
2017-03-02,2017-03-06,305.34
2017-03-02,2017-03-07,313.08
2017-03-02,2017-03-08,367.69
2017-03-02,2017-03-09,325.69
2017-03-02,2017-03-10,344.24
2017-03-02,2017-03-11,294.0
2017-03-02,2017-03-12,349.69
2017-03-02,2017-03-13,324.24
2017-03-02,2017-03-14,380.47
2017-03-02,2017-03-17,482.47
2017-03-02,2017-03-18,339.62
2017-03-02,2017-03-20,381.97
2017-03-02,2017-03-24,383.47
2017-03-02,2017-03-25,350.57
2017-03-03,2017-03-06,303.93
2017-03-03,2017-03-07,325.69
2017-03-03,2017-03-08,325.69
2017-03-03,2017-03-09,325.69
2017-03-03,2017-03-10,349.69
2017-03-03,2017-03-11,318.24
2017-03-03,2017-03-12,318.24
2017-03-03,2017-03-17,482.47
2017-03-03,2017-03-18,350.57
2017-03-04,2017-03-07,313.08
2017-03-04,2017-03-08,325.69
2017-03-04,2017-03-09,312.69
2017-03-04,2017-03-10,329.69
2017-03-04,2017-03-11,265.34
2017-03-04,2017-03-12,318.24
2017-03-04,2017-03-13,349.69
2017-03-04,2017-03-18,350.52
2017-03-04,2017-03-21,381.97
2017-03-04,2017-03-25,354.62
2017-03-05,2017-03-09,325.69
2017-03-05,2017-03-10,349.69
2017-03-05,2017-03-11,318.24
2017-03-05,2017-03-12,349.69
2017-03-05,2017-03-15,381.97
2017-03-05,2017-03-28,383.47
2017-03-05,2017-03-30,367.52
2017-03-06,2017-03-07,325.69
2017-03-06,2017-03-08,363.52
2017-03-06,2017-03-09,325.69
2017-03-06,2017-03-10,349.69
2017-03-06,2017-03-11,300.28
2017-03-06,2017-03-12,318.24
2017-03-06,2017-03-13,284.0
2017-03-06,2017-03-16,313.08
2017-03-06,2017-03-22,375.52
2017-03-07,2017-03-07,325.69
2017-03-07,2017-03-08,325.69
2017-03-07,2017-03-09,325.69
2017-03-07,2017-03-10,349.69
2017-03-07,2017-03-11,349.69
2017-03-07,2017-03-12,349.69
2017-03-07,2017-03-13,325.69
2017-03-07,2017-03-16,313.08
2017-03-07,2017-03-17,455.47
2017-03-07,2017-03-20,383.47
2017-03-07,2017-03-24,383.52
2017-03-07,2017-03-26,383.52
2017-03-07,2017-03-28,383.52
2017-03-08,2017-03-12,313.08
2017-03-08,2017-03-15,363.47
2017-03-08,2017-03-17,425.47
2017-03-08,2017-03-18,480.47
2017-03-08,2017-03-21,313.08
2017-03-08,2017-03-24,383.52
2017-03-09,2017-03-12,349.08
2017-03-09,2017-03-13,303.93
2017-03-09,2017-03-14,325.69
2017-03-09,2017-03-15,325.69
2017-03-09,2017-03-16,346.69
2017-03-09,2017-03-17,416.69
2017-03-09,2017-03-18,350.52
2017-03-09,2017-03-19,456.69
2017-03-09,2017-03-20,325.69
2017-03-09,2017-03-21,380.47
2017-03-09,2017-03-24,398.52
2017-03-09,2017-03-25,349.19
2017-03-10,2017-03-11,363.52
2017-03-10,2017-03-13,350.52
2017-03-10,2017-03-14,346.69
2017-03-10,2017-03-15,367.52
2017-03-10,2017-03-16,488.97
2017-03-10,2017-03-17,331.93
2017-03-10,2017-03-18,350.47
2017-03-10,2017-03-19,350.52
2017-03-10,2017-03-20,455.47
2017-03-11,2017-03-14,416.69
2017-03-11,2017-03-15,315.34
2017-03-11,2017-03-16,313.08
2017-03-11,2017-03-17,331.24
2017-03-11,2017-03-18,325.34
2017-03-11,2017-03-19,403.69
2017-03-11,2017-03-20,416.69
2017-03-11,2017-03-21,313.08
2017-03-11,2017-03-25,350.52
2017-03-11,2017-03-26,383.52
2017-03-12,2017-03-16,350.57
2017-03-12,2017-03-17,307.93
2017-03-12,2017-03-18,354.62
2017-03-12,2017-03-19,423.34
2017-03-12,2017-03-20,313.08
2017-03-12,2017-03-21,381.97
2017-03-12,2017-03-22,382.02
2017-03-13,2017-03-16,322.74
2017-03-13,2017-03-17,350.57
2017-03-13,2017-03-18,347.69
2017-03-13,2017-03-19,450.69
2017-03-13,2017-03-20,325.69
2017-03-14,2017-03-14,325.69
2017-03-14,2017-03-16,346.69
2017-03-14,2017-03-17,344.24
2017-03-14,2017-03-18,383.47
2017-03-14,2017-03-19,350.43
2017-03-14,2017-03-20,324.24
2017-03-14,2017-03-21,318.24
2017-03-15,2017-03-15,346.69
2017-03-15,2017-03-16,346.69
2017-03-15,2017-03-17,416.69
2017-03-15,2017-03-18,416.24
2017-03-15,2017-03-19,357.93
2017-03-15,2017-03-20,325.69
2017-03-15,2017-03-21,313.08
2017-03-15,2017-03-22,363.52
2017-03-15,2017-03-25,609.2
2017-03-15,2017-03-29,303.93
2017-03-16,2017-03-18,510.24
2017-03-16,2017-03-20,311.34
2017-03-16,2017-03-21,313.08
2017-03-16,2017-03-22,363.52
2017-03-16,2017-03-23,313.08
2017-03-17,2017-03-17,480.52
2017-03-17,2017-03-24,324.24
2017-03-17,2017-03-25,350.57
2017-03-18,2017-03-23,313.08
2017-03-18,2017-03-24,327.93
2017-03-18,2017-03-25,302.8
2017-03-18,2017-03-28,609.2
2017-03-19,2017-03-25,350.52
2017-03-19,2017-03-26,367.69
2017-03-19,2017-03-28,609.2
2017-03-20,2017-03-22,589.2
2017-03-20,2017-03-23,375.47
2017-03-20,2017-03-24,313.08
2017-03-20,2017-03-26,313.08
2017-03-20,2017-03-27,324.19
2017-03-20,2017-03-28,375.47
2017-03-21,2017-03-28,302.43
2017-03-22,2017-03-25,490.47
2017-03-22,2017-03-26,346.69
2017-03-22,2017-03-28,313.08
2017-03-22,2017-03-29,348.93
2017-03-23,2017-03-24,383.47
2017-03-23,2017-03-26,313.08
2017-03-23,2017-03-27,311.34
2017-03-23,2017-03-30,343.47
2017-03-24,2017-03-28,325.69
2017-03-24,2017-03-29,363.52
2017-03-25,2017-03-27,383.47
2017-03-25,2017-04-01,338.93
2017-03-25,2017-04-02,354.79
2017-03-26,2017-04-01,354.69
2017-03-26,2017-04-02,354.62
2017-03-27,2017-03-31,383.47
2017-03-27,2017-04-01,381.97
2017-03-28,2017-04-05,416.24
2017-03-29,2017-04-02,363.47
2017-03-29,2017-04-05,343.47
2017-03-30,2017-04-02,343.47
2017-03-30,2017-04-03,370.62
2017-03-30,2017-04-05,555.98
2017-03-31,2017-04-02,354.79
2017-04-01,2017-04-08,313.08
2017-04-02,2017-04-07,373.52
2017-04-02,2017-04-08,367.52
2017-04-02,2017-04-09,343.47
2017-04-02,2017-04-12,383.52
2017-04-03,2017-04-07,367.69
2017-04-03,2017-04-09,383.52
2017-04-03,2017-04-10,382.02
2017-04-03,2017-04-12,375.52
2017-04-04,2017-04-06,375.52
2017-04-04,2017-04-09,363.52
2017-04-04,2017-04-10,367.52
2017-04-04,2017-04-11,363.47
2017-04-04,2017-04-16,363.47
2017-04-04,2017-04-19,313.08
2017-04-05,2017-04-08,390.69
2017-04-05,2017-04-09,363.47
2017-04-05,2017-04-10,367.69
2017-04-05,2017-04-11,367.69
2017-04-05,2017-04-12,367.69
2017-04-05,2017-04-13,367.69
2017-04-05,2017-04-14,367.69
2017-04-06,2017-04-08,390.69
2017-04-06,2017-04-09,390.69
2017-04-06,2017-04-10,366.19
2017-04-06,2017-04-11,366.19
2017-04-06,2017-04-12,367.69
2017-04-06,2017-04-13,363.52
2017-04-06,2017-04-14,344.24
2017-04-06,2017-04-16,363.47
2017-04-07,2017-04-08,390.69
2017-04-07,2017-04-09,390.69
2017-04-07,2017-04-10,367.69
2017-04-07,2017-04-11,367.69
2017-04-07,2017-04-12,367.69
2017-04-07,2017-04-13,367.69
2017-04-07,2017-04-14,343.47
2017-04-07,2017-04-16,313.08
2017-04-07,2017-04-17,363.52
2017-04-07,2017-04-19,313.08
2017-04-08,2017-04-08,635.69
2017-04-08,2017-04-09,515.69
2017-04-08,2017-04-10,466.19
2017-04-08,2017-04-11,351.93
2017-04-08,2017-04-12,466.19
2017-04-08,2017-04-13,536.19
2017-04-08,2017-04-14,492.69
2017-04-08,2017-04-15,363.52
2017-04-08,2017-04-16,492.69
2017-04-08,2017-04-18,466.19
2017-04-09,2017-04-09,486.19
2017-04-09,2017-04-10,367.69
2017-04-09,2017-04-11,363.47
2017-04-09,2017-04-12,367.69
2017-04-09,2017-04-13,367.69
2017-04-09,2017-04-14,367.69
2017-04-09,2017-04-15,955.48
2017-04-09,2017-04-16,367.52
2017-04-09,2017-04-17,363.47
2017-04-10,2017-04-10,467.69
2017-04-10,2017-04-11,367.69
2017-04-10,2017-04-12,367.69
2017-04-10,2017-04-13,437.69
2017-04-10,2017-04-14,367.69
2017-04-11,2017-04-11,366.19
2017-04-11,2017-04-12,367.69
2017-04-11,2017-04-13,551.19
2017-04-11,2017-04-14,367.69
2017-04-11,2017-04-15,367.69
2017-04-12,2017-04-16,383.47
2017-04-12,2017-04-19,363.47
2017-04-12,2017-04-24,367.52
2017-04-13,2017-04-16,343.47
2017-04-13,2017-04-18,351.93
2017-04-13,2017-04-19,367.52
2017-04-13,2017-04-20,351.93
2017-04-13,2017-04-22,367.52
2017-04-13,2017-04-23,561.74
2017-04-13,2017-04-25,367.52
2017-04-14,2017-04-16,425.47
2017-04-14,2017-04-19,700.08
2017-04-14,2017-04-20,367.69
2017-04-14,2017-04-21,318.24
2017-04-14,2017-04-22,318.24
2017-04-14,2017-04-23,324.24
2017-04-14,2017-04-24,363.52
2017-04-14,2017-04-25,500.48
2017-04-15,2017-04-16,464.97
2017-04-15,2017-04-19,767.48
2017-04-15,2017-04-21,363.47
2017-04-15,2017-04-22,313.08
2017-04-15,2017-04-23,445.24
2017-04-15,2017-04-24,552.52
2017-04-15,2017-04-25,367.69
2017-04-16,2017-04-19,367.52
2017-04-16,2017-04-20,367.52
2017-04-16,2017-04-21,348.93
2017-04-16,2017-04-22,363.47
2017-04-16,2017-04-23,367.52
2017-04-16,2017-04-24,373.52
2017-04-16,2017-04-25,367.69
2017-04-17,2017-04-20,367.69
2017-04-17,2017-04-21,363.47
2017-04-17,2017-04-22,363.24
2017-04-17,2017-04-23,367.52
2017-04-17,2017-04-24,355.93
2017-04-17,2017-04-25,554.48
2017-04-18,2017-04-21,373.52
2017-04-18,2017-04-23,318.24
2017-04-18,2017-04-24,367.69
2017-04-18,2017-04-25,361.97
2017-04-19,2017-04-19,367.52
2017-04-19,2017-04-21,367.52
2017-04-19,2017-04-23,367.69
2017-04-19,2017-04-24,318.24
2017-04-19,2017-04-25,324.24
2017-04-19,2017-04-26,363.47
2017-04-19,2017-04-27,555.98
2017-04-20,2017-04-20,405.08
2017-04-20,2017-04-22,367.52
2017-04-20,2017-04-23,313.08
2017-04-20,2017-04-24,343.47
2017-04-20,2017-04-25,317.08
2017-04-20,2017-04-26,363.47
2017-04-20,2017-04-28,313.08
2017-04-21,2017-04-21,504.69
2017-04-21,2017-04-26,367.69
2017-04-21,2017-04-28,324.24
2017-04-21,2017-04-29,363.52
2017-04-22,2017-04-24,437.69
2017-04-22,2017-04-29,318.24
2017-04-23,2017-04-29,351.93
2017-04-23,2017-05-04,367.52
2017-04-24,2017-04-28,364.52
2017-04-24,2017-05-01,366.02
2017-04-24,2017-05-02,363.52
2017-04-25,2017-04-30,367.52
2017-04-25,2017-05-01,343.47
2017-04-25,2017-05-02,367.52
2017-04-26,2017-04-30,367.69
2017-04-26,2017-05-02,343.47
2017-04-26,2017-05-03,367.69
2017-04-26,2017-05-05,367.69
2017-04-26,2017-05-09,367.52
2017-04-27,2017-04-30,318.24
2017-04-27,2017-05-01,354.69
2017-04-27,2017-05-02,367.52
2017-04-27,2017-05-04,367.69
2017-04-28,2017-05-05,354.69
2017-04-29,2017-05-02,363.52
2017-05-01,2017-05-05,381.97
2017-05-02,2017-05-06,367.52
2017-05-02,2017-05-11,348.93
2017-05-03,2017-05-06,367.69
2017-05-03,2017-05-10,363.52
2017-05-03,2017-05-13,357.42
2017-05-04,2017-05-08,354.62
2017-05-04,2017-05-09,367.52
2017-05-04,2017-05-14,354.62
2017-05-04,2017-05-16,367.69
2017-05-05,2017-05-09,367.52
2017-05-05,2017-05-13,330.57
2017-05-05,2017-05-18,354.79
2017-05-06,2017-05-10,383.52
2017-05-06,2017-05-13,324.24
2017-05-07,2017-05-10,367.52
2017-05-07,2017-05-15,354.79
2017-05-09,2017-05-13,367.52
2017-05-10,2017-05-15,367.69
2017-05-11,2017-05-14,354.69
2017-05-11,2017-05-15,354.62
2017-05-12,2017-05-16,372.02
2017-05-13,2017-05-20,370.62
2017-05-13,2017-05-21,350.57
2017-05-14,2017-05-21,363.52
2017-05-15,2017-05-21,338.93
2017-05-15,2017-05-29,350.57
2017-05-16,2017-05-21,363.52
2017-05-17,2017-05-21,1259.64
2017-05-17,2017-05-22,343.47
2017-05-17,2017-05-26,363.47
2017-05-17,2017-05-29,363.47
2017-05-18,2017-05-18,1098.24
2017-05-18,2017-05-21,350.57
2017-05-18,2017-05-22,330.57
2017-05-18,2017-05-23,351.93
2017-05-18,2017-05-25,338.93
2017-05-18,2017-05-26,350.57
2017-05-19,2017-05-21,790.14
2017-05-19,2017-05-25,354.69
2017-05-19,2017-05-27,338.93
2017-05-20,2017-05-22,676.64
2017-05-20,2017-05-24,363.47
2017-05-20,2017-05-26,354.62
2017-05-20,2017-05-27,350.52
2017-05-20,2017-05-29,398.52
2017-05-21,2017-05-28,338.93
2017-05-22,2017-05-26,383.52
2017-05-22,2017-05-29,350.57
2017-05-22,2017-05-30,363.47
2017-05-23,2017-05-25,382.02
2017-05-23,2017-05-26,382.02
2017-05-23,2017-05-27,361.97
2017-05-23,2017-05-28,363.47
2017-05-23,2017-05-30,366.19
2017-05-23,2017-06-02,367.69
2017-05-24,2017-05-25,383.52
2017-05-24,2017-05-29,366.02
2017-05-24,2017-05-30,363.47
2017-05-25,2017-05-26,370.62
2017-05-25,2017-05-29,338.93
2017-05-25,2017-05-30,363.47
2017-05-25,2017-06-01,346.93
2017-05-26,2017-05-29,354.79
2017-05-26,2017-05-30,343.47
2017-05-26,2017-06-01,350.57
2017-05-26,2017-06-02,492.69
2017-05-26,2017-06-03,362.69
2017-05-27,2017-05-28,363.47
2017-05-27,2017-05-29,363.47
2017-05-27,2017-05-30,505.69
2017-05-27,2017-05-31,363.02
2017-05-27,2017-06-02,370.62
2017-05-27,2017-06-03,387.47
2017-05-27,2017-06-05,485.97
2017-05-27,2017-06-06,485.97
2017-05-27,2017-06-07,484.47
2017-05-28,2017-05-28,394.69
2017-05-28,2017-05-30,473.69
2017-05-28,2017-06-03,350.52
2017-05-28,2017-06-07,381.97
2017-05-29,2017-05-31,366.19
2017-05-29,2017-06-01,364.69
2017-05-29,2017-06-03,357.59
2017-05-29,2017-06-06,381.97
2017-05-29,2017-06-10,380.47
2017-05-30,2017-06-05,383.47
2017-05-30,2017-06-08,363.52
2017-05-31,2017-05-31,366.19
2017-05-31,2017-06-02,390.69
2017-05-31,2017-06-05,380.47
2017-05-31,2017-06-09,381.97
2017-06-01,2017-06-06,383.47
2017-06-03,2017-06-09,383.47
2017-06-03,2017-06-10,391.69
2017-06-05,2017-06-12,367.52
2017-06-06,2017-06-09,381.97
2017-06-07,2017-06-11,383.47
2017-06-08,2017-06-11,383.47
2017-06-09,2017-06-16,441.69
2017-06-10,2017-06-17,353.09
2017-06-12,2017-06-17,598.37
2017-06-13,2017-06-20,364.69
2017-06-13,2017-06-22,367.52
2017-06-14,2017-06-21,367.52
2017-06-15,2017-06-25,436.19
2017-06-16,2017-06-19,367.52
2017-06-16,2017-06-21,367.52
2017-06-17,2017-06-22,367.52
2017-06-17,2017-06-24,383.47
2017-06-17,2017-06-25,433.19
2017-06-20,2017-06-30,363.52
2017-06-21,2017-06-28,366.02
2017-06-22,2017-06-30,363.52
2017-06-23,2017-06-30,436.19
2017-06-24,2017-06-28,361.52
2017-06-24,2017-06-30,815.87
2017-06-24,2017-07-01,417.59
2017-06-24,2017-07-02,437.69
2017-06-25,2017-07-02,367.52
2017-06-26,2017-07-03,367.69
2017-06-26,2017-07-05,390.69
2017-06-26,2017-07-06,390.69
2017-06-26,2017-07-07,476.19
2017-06-27,2017-07-02,366.19
2017-06-27,2017-07-03,403.69
2017-06-28,2017-07-02,477.69
2017-06-28,2017-07-03,476.19
2017-07-01,2017-07-08,464.69
2017-07-02,2017-07-11,366.02
2017-07-03,2017-07-07,364.69
2017-07-06,2017-07-10,366.02
2017-07-07,2017-07-10,367.52
2017-07-07,2017-07-12,367.52
2017-07-08,2017-07-10,367.52
2017-07-08,2017-07-11,367.52
2017-07-08,2017-07-15,352.92
2017-07-09,2017-07-09,367.52
2017-07-10,2017-07-14,366.02
2017-07-11,2017-07-14,366.02
2017-07-12,2017-07-15,370.69
2017-07-13,2017-07-16,351.93
2017-07-13,2017-07-17,348.93
2017-07-24,2017-07-31,396.19
2017-07-26,2017-07-30,790.42
2017-08-14,2017-08-18,787.17
2017-08-21,2017-08-26,796.09
